program,baseline(s),checked(s),normalized(x)
bh,9.87943,9.435965,0.955
bisort,18.473395000000004,25.895220000000002,1.402
em3d,10.054855,8.285555,0.824
health,5.326254999999999,9.652624999999999,1.812
mst,5.788600000000001,10.963239999999997,1.894
perimeter,2.0219000000000005,2.7092849999999995,1.34
power,0.34831,0.347455,0.998
treeadd,1.4399099999999998,2.09312,1.454
tsp,12.600840000000002,16.218675,1.287
GeoMean,,,1.284
