program,baseline(s),checked(s),normalized(x)
bh,9.8732,9.43319,0.955
bisort,18.70727,26.208814999999998,1.401
em3d,10.080504999999999,8.55646,0.849
health,5.341035,9.635135000000002,1.804
mst,5.826015,11.102950000000002,1.906
perimeter,2.01225,2.7379249999999997,1.361
power,0.3479850000000001,0.34867,1.002
treeadd,1.4385250000000003,2.06551,1.436
tsp,12.809574999999999,16.535269999999997,1.291
geo\\\_mean,,,1.29
