program,baseline(s),checked(s),normalized(x)
bisort,18.610219999999998,41.51275,2.23
health,5.360740000000002,14.227569999999996,2.65
perimeter,1.9427899999999998,4.13813,2.13
power,0.34748000000000007,0.34990999999999994,1.01
treeadd,1.43203,3.20385,2.24
tsp,12.63513,20.295489999999994,1.61
