program,baseline(s),checked(s),normalized(x)
bh,9.82846,9.43162,0.96
bisort,18.644779999999997,25.94701,1.39
em3d,10.035,8.115730000000001,0.81
health,5.3174,9.67054,1.82
mst,5.803800000000001,11.670110000000001,2.01
perimeter,1.9705100000000002,2.68853,1.36
power,0.34737,0.34821,1.0
treeadd,1.42285,2.03595,1.43
tsp,12.597669999999999,16.30264,1.29
