program,baseline(s),checked(s),normalized(x)
bh
bisort,18.432825,41.315270000000005,2.241
em3d
health,5.317549999999999,14.307219999999997,2.691
mst
perimeter,1.9940200000000001,4.113745,2.063
power,0.348365,0.35016,1.005
treeadd,1.44624,3.2558549999999995,2.251
tsp,12.587305,20.317029999999995,1.614
geamean,1.8890454168740753
