program,baseline(s),checked(s),normalized(x)
bh,9.87055,9.455009999999998,0.96
bisort,18.559269999999998,25.957870000000003,1.4
em3d,10.02999,8.11833,0.81
health,5.3222000000000005,9.648060000000001,1.81
mst,5.770650000000001,11.56896,2.0
perimeter,1.9978799999999999,2.6961799999999996,1.35
power,0.34719,0.34707000000000005,1.0
treeadd,1.4413899999999997,39.53438,27.43
tsp,12.582539999999998,16.196180000000002,1.29
